"PatientID";"FirstName";"LastName";"Gender";"Birthdate";"ContactNumber";"Email";"Address"
1;"John";"Mathew";"Male";"1990-01-15";"9876543210";"john.mathew@example.com";"123 Main St, City"
2;"Anna";"George";"Female";"1985-03-20";"8765432109";"anna.george@example.com";"456 Oak St, Town"
3;"Joseph";"Thomas";"Male";"1988-07-12";"7890123456";"joseph.thomas@example.com";"789 Pine St, Village"
4;"Mary";"Philip";"Female";"1992-04-30";"8901234567";"mary.philip@example.com";"101 Maple St, Town"
5;"Thomas";"George";"Male";"1995-09-18";"9012345678";"thomas.george@example.com";"222 Cedar St, City"
6;"Susan";"John";"Female";"1987-12-05";"1234567890";"susan.john@example.com";"333 Elm St, Village"
7;"Daniel";"Joseph";"Male";"1980-06-25";"2345678901";"daniel.joseph@example.com";"444 Oak St, City"
8;"Elizabeth";"Samuel";"Female";"1998-11-08";"3456789012";"elizabeth.samuel@example.com";"555 Pine St, Town"
9;"Philip";"Daniel";"Male";"1983-02-14";"4567890123";"philip.daniel@example.com";"666 Maple St, Village"
10;"Catherine";"Jacob";"Female";"1993-08-22";"5678901234";"catherine.jacob@example.com";"777 Cedar St, City"
11;"Michael";"Mathew";"Male";"1982-05-10";"6789012345";"michael.mathew@example.com";"888 Elm St, Town"
12;"Sara";"George";"Female";"1989-10-02";"7890123456";"sara.george@example.com";"999 Pine St, Village"
13;"David";"Joseph";"Male";"1996-03-17";"8901234567";"david.joseph@example.com";"111 Oak St, City"
14;"Rachel";"Philip";"Female";"1986-09-28";"9012345678";"rachel.philip@example.com";"222 Maple St, Town"
15;"George";"Thomas";"Male";"1991-04-14";"1234567890";"george.thomas@example.com";"333 Cedar St, Village"
